-- MySQL dump 10.16  Distrib 10.1.34-MariaDB, for Win32 (AMD64)
--
-- Host: localhost    Database: product
-- ------------------------------------------------------
-- Server version	10.1.34-MariaDB

/*!40101 SET @OLD_CHARACTER_SET_CLIENT=@@CHARACTER_SET_CLIENT */;
/*!40101 SET @OLD_CHARACTER_SET_RESULTS=@@CHARACTER_SET_RESULTS */;
/*!40101 SET @OLD_COLLATION_CONNECTION=@@COLLATION_CONNECTION */;
/*!40101 SET NAMES utf8 */;
/*!40103 SET @OLD_TIME_ZONE=@@TIME_ZONE */;
/*!40103 SET TIME_ZONE='+00:00' */;
/*!40014 SET @OLD_UNIQUE_CHECKS=@@UNIQUE_CHECKS, UNIQUE_CHECKS=0 */;
/*!40014 SET @OLD_FOREIGN_KEY_CHECKS=@@FOREIGN_KEY_CHECKS, FOREIGN_KEY_CHECKS=0 */;
/*!40101 SET @OLD_SQL_MODE=@@SQL_MODE, SQL_MODE='NO_AUTO_VALUE_ON_ZERO' */;
/*!40111 SET @OLD_SQL_NOTES=@@SQL_NOTES, SQL_NOTES=0 */;

--
-- Table structure for table `brand`
--

DROP TABLE IF EXISTS `brand`;
/*!40101 SET @saved_cs_client     = @@character_set_client */;
/*!40101 SET character_set_client = utf8 */;
CREATE TABLE `brand` (
  `id` int(11) NOT NULL AUTO_INCREMENT,
  `name` varchar(255) NOT NULL,
  `category_id` int(11) NOT NULL,
  PRIMARY KEY (`id`),
  KEY `category_id` (`category_id`),
  CONSTRAINT `brand_ibfk_1` FOREIGN KEY (`category_id`) REFERENCES `category` (`id`)
) ENGINE=InnoDB AUTO_INCREMENT=16 DEFAULT CHARSET=utf8;
/*!40101 SET character_set_client = @saved_cs_client */;

--
-- Dumping data for table `brand`
--

LOCK TABLES `brand` WRITE;
/*!40000 ALTER TABLE `brand` DISABLE KEYS */;
INSERT INTO `brand` VALUES (1,'Samsung',1),(2,'Lg',1),(3,'Sony',1),(4,'Axion',2),(5,'Fuller',2),(6,'Ariel',2),(7,'Soflan',2),(8,'Pamper',3),(9,'Chico',3),(10,'Gerber',3),(11,'Wilson',4),(12,'Nike',4),(13,'Adidas',4),(14,'Mac Donalds',5),(15,'Maggi',5);
/*!40000 ALTER TABLE `brand` ENABLE KEYS */;
UNLOCK TABLES;

--
-- Table structure for table `category`
--

DROP TABLE IF EXISTS `category`;
/*!40101 SET @saved_cs_client     = @@character_set_client */;
/*!40101 SET character_set_client = utf8 */;
CREATE TABLE `category` (
  `id` int(11) NOT NULL AUTO_INCREMENT,
  `name` varchar(255) NOT NULL,
  PRIMARY KEY (`id`)
) ENGINE=InnoDB AUTO_INCREMENT=6 DEFAULT CHARSET=utf8;
/*!40101 SET character_set_client = @saved_cs_client */;

--
-- Dumping data for table `category`
--

LOCK TABLES `category` WRITE;
/*!40000 ALTER TABLE `category` DISABLE KEYS */;
INSERT INTO `category` VALUES (1,'tecnología'),(2,'Limpieza'),(3,'Niños'),(4,'Deportes'),(5,'Comida');
/*!40000 ALTER TABLE `category` ENABLE KEYS */;
UNLOCK TABLES;

--
-- Table structure for table `product`
--

DROP TABLE IF EXISTS `product`;
/*!40101 SET @saved_cs_client     = @@character_set_client */;
/*!40101 SET character_set_client = utf8 */;
CREATE TABLE `product` (
  `id` int(11) NOT NULL AUTO_INCREMENT,
  `code` varchar(255) DEFAULT NULL,
  `name` varchar(255) NOT NULL,
  `description` varchar(255) NOT NULL,
  `price` double(10,2) NOT NULL,
  `brand_id` int(11) NOT NULL,
  PRIMARY KEY (`id`),
  KEY `brand_id` (`brand_id`),
  CONSTRAINT `product_ibfk_1` FOREIGN KEY (`brand_id`) REFERENCES `brand` (`id`)
) ENGINE=InnoDB AUTO_INCREMENT=13 DEFAULT CHARSET=utf8;
/*!40101 SET character_set_client = @saved_cs_client */;

--
-- Dumping data for table `product`
--

LOCK TABLES `product` WRITE;
/*!40000 ALTER TABLE `product` DISABLE KEYS */;
INSERT INTO `product` VALUES (1,'A1234','Tv samsung','tv 32\"',3451.24,1),(5,'244860782','control de tv 2','control para smartv',3.00,1),(7,'3534s','Papas fritas','Papas cubiertas de salsa de tomate',250.00,14),(9,'3534w5345','camara ','camara fotografica',26.00,2),(10,'244860','asdasd','dsfsdf',3.00,10),(11,'123231235','imgi','cambio 1',34.00,12),(12,'236476234','papas cocidas','papas cocidas',45.44,15);
/*!40000 ALTER TABLE `product` ENABLE KEYS */;
UNLOCK TABLES;

--
-- Dumping routines for database 'product'
--
/*!40103 SET TIME_ZONE=@OLD_TIME_ZONE */;

/*!40101 SET SQL_MODE=@OLD_SQL_MODE */;
/*!40014 SET FOREIGN_KEY_CHECKS=@OLD_FOREIGN_KEY_CHECKS */;
/*!40014 SET UNIQUE_CHECKS=@OLD_UNIQUE_CHECKS */;
/*!40101 SET CHARACTER_SET_CLIENT=@OLD_CHARACTER_SET_CLIENT */;
/*!40101 SET CHARACTER_SET_RESULTS=@OLD_CHARACTER_SET_RESULTS */;
/*!40101 SET COLLATION_CONNECTION=@OLD_COLLATION_CONNECTION */;
/*!40111 SET SQL_NOTES=@OLD_SQL_NOTES */;

-- Dump completed on 2018-07-16 11:34:26
